SR_NUMBER,SR_TYPE,SR_SHORT_CODE,OWNER_DEPARTMENT,STATUS,CREATED_DATE,LAST_MODIFIED_DATE,CLOSED_DATE,STREET_ADDRESS,CITY,STATE,ZIP_CODE,STREET_NUMBER,STREET_DIRECTION,STREET_NAME,STREET_TYPE,DUPLICATE,LEGACY_RECORD,LEGACY_SR_NUMBER,PARENT_SR_NUMBER,COMMUNITY_AREA,WARD,ELECTRICAL_DISTRICT,ELECTRICITY_GRID,POLICE_SECTOR,POLICE_DISTRICT,POLICE_BEAT,PRECINCT,SANITATION_DIVISION_DAYS,CREATED_HOUR,CREATED_DAY_OF_WEEK,CREATED_MONTH,X_COORDINATE,Y_COORDINATE,LATITUDE,LONGITUDE,LOCATION
SR22-00502004,Graffiti Removal Request,GRAF,Streets and Sanitation,Open,03/28/2022 1:15:08 PM,03/28/2022 1:15:09 PM,,3800 S STEWART AVE,,,60609,3800,S,STEWART,AVE,FALSE,FALSE,,,60,11,,O030,1,9,915,29,,13,2,3,1174263.624,1879703.957,41.82531728,-87.63618378,"(41.82531727715132°, -87.63618377989255°)"
SR22-00502002,Pothole in Street Complaint,PHF,CDOT - Department of Transportation,Open,03/28/2022 1:14:45 PM,03/28/2022 1:14:46 PM,,2459 W CULLOM AVE,,,60618,2459,W,CULLOM,AVE,FALSE,FALSE,,,5,47,,J012,1,19,1911,21,,13,2,3,1158961.257,1928410.091,41.95929821,-87.69098652,"(41.95929820762541°, -87.69098652123607°)"
SR22-00502001,311 INFORMATION ONLY CALL,311IOC,311 City Services,Completed,03/28/2022 1:14:40 PM,03/28/2022 1:14:40 PM,03/28/2022 1:14:40 PM,2111 W Lexington ST,Chicago,Illinois,60612,2111,W,Lexington,ST,FALSE,FALSE,,,,,,,,,,,,13,2,3,,,,,
SR22-00501999,311 INFORMATION ONLY CALL,311IOC,311 City Services,Completed,03/28/2022 1:14:34 PM,03/28/2022 1:14:35 PM,03/28/2022 1:14:35 PM,2111 W Lexington ST,Chicago,Illinois,60612,2111,W,Lexington,ST,FALSE,FALSE,,,,,,,,,,,,13,2,3,,,,,
SR22-00501998,311 INFORMATION ONLY CALL,311IOC,311 City Services,Completed,03/28/2022 1:14:32 PM,03/28/2022 1:14:33 PM,03/28/2022 1:14:33 PM,2111 W Lexington ST,Chicago,Illinois,60612,2111,W,Lexington,ST,FALSE,FALSE,,,,,,,,,,,,13,2,3,,,,,
SR22-00501995,Garbage Cart Maintenance,SIE,Streets and Sanitation,Open,03/28/2022 1:14:09 PM,03/28/2022 1:14:11 PM,,1837 S WOOD ST,,,60608,1837,S,WOOD,ST,FALSE,FALSE,,,31,25,,L026,3,12,1234,19,,13,2,3,1164733.788,1891038.917,41.85662843,-87.67082544,"(41.85662843317971°, -87.67082544372938°)"
SR22-00501994,Alley Pothole Complaint,PHB,CDOT - Department of Transportation,Open,03/28/2022 1:14:05 PM,03/28/2022 1:14:06 PM,,2632 N WASHTENAW AVE,,,60647,2632,N,WASHTENAW,AVE,TRUE,FALSE,,SR22-00501919,22,32,,J016,1,14,1411,43,,13,2,3,1157830.817,1917639.084,41.92976504,-87.6954372,"(41.92976504323475°, -87.69543720305798°)"
SR22-00501993,311 INFORMATION ONLY CALL,311IOC,311 City Services,Completed,03/28/2022 1:14:04 PM,03/28/2022 1:14:05 PM,03/28/2022 1:14:05 PM,2111 W Lexington ST,Chicago,Illinois,60612,2111,W,Lexington,ST,FALSE,FALSE,,,,,,,,,,,,13,2,3,,,,,
SR22-00501992,311 INFORMATION ONLY CALL,311IOC,311 City Services,Completed,03/28/2022 1:13:55 PM,03/28/2022 1:13:55 PM,03/28/2022 1:13:55 PM,2111 W Lexington ST,Chicago,Illinois,60612,2111,W,Lexington,ST,FALSE,FALSE,,,,,,,,,,,,13,2,3,,,,,
SR22-00501991,Abandoned Vehicle Complaint,SKA,Streets and Sanitation,Open,03/28/2022 1:13:54 PM,03/28/2022 1:14:16 PM,,5555 W GRAND AVE,CHICAGO,IL,60639,5555,W,GRAND,AVE,FALSE,FALSE,,,,,,,,,,,,13,2,3,1138964.018,1913227.718,,,
SR22-00501989,Pothole in Street Complaint,PHF,CDOT - Department of Transportation,Open,03/28/2022 1:13:51 PM,03/28/2022 1:13:52 PM,,6331 N WASHTENAW AVE,,,60659,6331,N,WASHTENAW,AVE,FALSE,FALSE,,,2,50,,J007,1,24,2413,29,,13,2,3,1157260.817,1942039.277,41.99673218,-87.69686578,"(41.99673217971457°, -87.69686577712068°)"
SR22-00501987,311 INFORMATION ONLY CALL,311IOC,311 City Services,Completed,03/28/2022 1:13:46 PM,03/28/2022 1:13:47 PM,03/28/2022 1:13:47 PM,2111 W Lexington ST,Chicago,Illinois,60612,2111,W,Lexington,ST,FALSE,FALSE,,,,,,,,,,,,13,2,3,,,,,
SR22-00501985,311 INFORMATION ONLY CALL,311IOC,311 City Services,Completed,03/28/2022 1:13:45 PM,03/28/2022 1:13:45 PM,03/28/2022 1:13:45 PM,2111 W Lexington ST,Chicago,Illinois,60612,2111,W,Lexington,ST,FALSE,FALSE,,,,,,,,,,,,13,2,3,,,,,
SR22-00501984,Sanitation Code Violation,SCB,Streets and Sanitation,Open,03/28/2022 1:13:43 PM,03/28/2022 1:13:45 PM,,600 N CENTRAL AVE,,,60644,600,N,CENTRAL,AVE,FALSE,FALSE,,,25,29,,B021,1,15,1511,35,,13,2,3,1138849.124,1903457.852,41.89121642,-87.76553558,"(41.89121642331673°, -87.76553557535716°)"
SR22-00501983,311 INFORMATION ONLY CALL,311IOC,311 City Services,Completed,03/28/2022 1:13:18 PM,03/28/2022 1:13:19 PM,03/28/2022 1:13:19 PM,2111 W Lexington ST,Chicago,Illinois,60612,2111,W,Lexington,ST,FALSE,FALSE,,,,,,,,,,,,13,2,3,,,,,
SR22-00501982,Tree Planting Request,SED,Streets and Sanitation,Open,03/28/2022 1:13:17 PM,03/28/2022 1:13:22 PM,,208 E 51ST ST,,,60615,208,E,51ST,ST,FALSE,FALSE,,,38,3,,Q033,2,2,224,37,,13,2,3,1178589.854,1871287.698,41.80212492,-87.62056822,"(41.8021249165065°, -87.62056822169635°)"
SR22-00501980,Pothole in Street Complaint,PHF,CDOT - Department of Transportation,Open,03/28/2022 1:13:12 PM,03/28/2022 1:13:13 PM,,6335 N RICHMOND ST,,,60659,6335,N,RICHMOND,ST,FALSE,FALSE,,,2,50,,I007,1,24,2413,17,,13,2,3,1155604.282,1942054.638,41.99680796,-87.70295908,"(41.99680795534481°, -87.70295907682278°)"
SR22-00501978,Pothole in Street Complaint,PHF,CDOT - Department of Transportation,Completed,03/28/2022 1:13:04 PM,03/28/2022 1:14:29 PM,03/28/2022 1:14:29 PM,5100 W DEVON AVE,,,60646,5100,W,DEVON,AVE,FALSE,FALSE,,,12,41,,D006,2,16,1621,19,,13,2,3,1141412.945,1942169.068,41.99739677,-87.75516081,"(41.99739676665879°, -87.75516081123308°)"
SR22-00501977,Garbage Cart Maintenance,SIE,Streets and Sanitation,Open,03/28/2022 1:12:52 PM,03/28/2022 1:12:53 PM,,1737 W CULLERTON ST,,,60608,1737,W,CULLERTON,ST,FALSE,FALSE,,,31,25,,L026,3,12,1234,13,,13,2,3,1164946.641,1890391.537,41.85484745,-87.67006251,"(41.85484745256874°, -87.67006251379141°)"
SR22-00501975,Tree Removal Request,SEE,Streets and Sanitation,Open,03/28/2022 1:12:37 PM,03/28/2022 1:12:39 PM,,2622 N WASHTENAW AVE,,,60647,2622,N,WASHTENAW,AVE,FALSE,FALSE,,,22,32,,J016,1,14,1411,43,,13,2,3,1157837.782,1917537.159,41.92948521,-87.69541439,"(41.92948521041857°, -87.69541439413067°)"
SR22-00501974,311 INFORMATION ONLY CALL,311IOC,311 City Services,Completed,03/28/2022 1:12:33 PM,03/28/2022 1:12:33 PM,03/28/2022 1:12:33 PM,2111 W Lexington ST,Chicago,Illinois,60612,2111,W,Lexington,ST,FALSE,FALSE,,,,,,,,,,,,13,2,3,,,,,
SR22-00501973,311 INFORMATION ONLY CALL,311IOC,311 City Services,Completed,03/28/2022 1:12:26 PM,03/28/2022 1:12:27 PM,03/28/2022 1:12:27 PM,2111 W Lexington ST,Chicago,Illinois,60612,2111,W,Lexington,ST,FALSE,FALSE,,,,,,,,,,,,13,2,3,,,,,
SR22-00501972,Pothole in Street Complaint,PHF,CDOT - Department of Transportation,Open,03/28/2022 1:12:25 PM,03/28/2022 1:12:26 PM,,2469 W CULLOM AVE,,,60618,2469,W,CULLOM,AVE,FALSE,FALSE,,,5,47,,J012,1,19,1911,21,,13,2,3,1158872.796,1928409.031,41.95929712,-87.69131177,"(41.959297116477835°, -87.69131177125024°)"
SR22-00501971,Rodent Baiting/Rat Complaint,SGA,Streets and Sanitation,Open,03/28/2022 1:12:22 PM,03/28/2022 1:12:24 PM,,652 E BOWEN AVE,,,60653,652,E,BOWEN,AVE,FALSE,FALSE,,,38,4,,R031,1,2,214,32,,13,2,3,1181477.15,1877704.912,41.81966808,-87.60978128,"(41.81966807780303°, -87.60978128301531°)"
SR22-00501970,Aircraft Noise Complaint,AVN,Aviation,Completed,03/28/2022 1:12:19 PM,03/28/2022 1:12:20 PM,03/28/2022 1:12:20 PM,10510 W ZEMKE RD,Chicago,IL,60666,10510,W,ZEMKE,RD,FALSE,FALSE,,,,,,,,,,,,13,2,3,,,,,
SR22-00501969,Garbage Cart Maintenance,SIE,Streets and Sanitation,Open,03/28/2022 1:12:15 PM,03/28/2022 1:12:16 PM,,8324 W BALMORAL AVE,,,60656,8324,W,BALMORAL,AVE,FALSE,FALSE,,,10,41,,V109,1,16,1614,23,,13,2,3,1119759.137,1935066.292,41.97827953,-87.83497076,"(41.97827953307027°, -87.83497076335046°)"
SR22-00501968,311 INFORMATION ONLY CALL,311IOC,311 City Services,Completed,03/28/2022 1:12:13 PM,03/28/2022 1:12:13 PM,03/28/2022 1:12:13 PM,2111 W Lexington ST,Chicago,Illinois,60612,2111,W,Lexington,ST,FALSE,FALSE,,,,,,,,,,,,13,2,3,,,,,
SR22-00501966,311 INFORMATION ONLY CALL,311IOC,311 City Services,Completed,03/28/2022 1:12:03 PM,03/28/2022 1:12:03 PM,03/28/2022 1:12:03 PM,2111 W Lexington ST,Chicago,Illinois,60612,2111,W,Lexington,ST,FALSE,FALSE,,,,,,,,,,,,13,2,3,,,,,
SR22-00501965,Alley Pothole Complaint,PHB,CDOT - Department of Transportation,Open,03/28/2022 1:11:59 PM,03/28/2022 1:12:01 PM,,2641 N CLARK ST,,,60614,2641,N,CLARK,ST,FALSE,FALSE,,,7,43,,O016,3,19,1935,36,,13,2,3,1171889.951,1918078.933,41.93067336,-87.64376097,"(41.93067336244502°, -87.6437609667584°)"
SR22-00501964,Sign Repair Request - All Other Signs,PCE,CDOT - Department of Transportation,Open,03/28/2022 1:11:38 PM,03/28/2022 1:11:42 PM,,12 S WACKER RAMP,,,60606,12,S,WACKER,RAMP,FALSE,FALSE,,,32,42,,P023,2,1,122,9,,13,2,3,1173875.196,1900185.437,41.88152866,-87.63699947,"(41.88152865637649°, -87.63699946617564°)"
SR22-00501963,311 INFORMATION ONLY CALL,311IOC,311 City Services,Completed,03/28/2022 1:11:20 PM,03/28/2022 1:11:21 PM,03/28/2022 1:11:21 PM,2111 W Lexington ST,Chicago,Illinois,60612,2111,W,Lexington,ST,FALSE,FALSE,,,,,,,,,,,,13,2,3,,,,,
SR22-00501962,Garbage Cart Maintenance,SIE,Streets and Sanitation,Open,03/28/2022 1:11:17 PM,03/28/2022 1:11:18 PM,,2239 S WOOD ST,,,60608,2239,S,WOOD,ST,FALSE,FALSE,,,31,25,,L027,3,10,1034,15,,13,2,3,1164793.891,1889022.288,41.85109334,-87.67066196,"(41.85109333805944°, -87.67066195553066°)"
SR22-00501961,311 INFORMATION ONLY CALL,311IOC,311 City Services,Completed,03/28/2022 1:11:14 PM,03/28/2022 1:11:15 PM,03/28/2022 1:11:15 PM,2111 W Lexington ST,Chicago,Illinois,60612,2111,W,Lexington,ST,FALSE,FALSE,,,,,,,,,,,,13,2,3,,,,,
SR22-00501960,Pothole in Street Complaint,PHF,CDOT - Department of Transportation,Open,03/28/2022 1:11:07 PM,03/28/2022 1:11:08 PM,,4633 W LEXINGTON ST,,,60644,4633,W,LEXINGTON,ST,FALSE,FALSE,,,25,24,,E024,3,11,1131,41,,13,2,3,1145471.526,1896253.891,41.87132507,-87.74139687,"(41.87132506825986°, -87.74139686909588°)"
SR22-00501959,311 INFORMATION ONLY CALL,311IOC,311 City Services,Completed,03/28/2022 1:11:05 PM,03/28/2022 1:11:05 PM,03/28/2022 1:11:05 PM,2111 W Lexington ST,Chicago,Illinois,60612,2111,W,Lexington,ST,FALSE,FALSE,,,,,,,,,,,,13,2,3,,,,,
SR22-00501958,311 INFORMATION ONLY CALL,311IOC,311 City Services,Completed,03/28/2022 1:11:03 PM,03/28/2022 1:11:04 PM,03/28/2022 1:11:03 PM,2111 W Lexington ST,Chicago,Illinois,60612,2111,W,Lexington,ST,FALSE,FALSE,,,,,,,,,,,,13,2,3,,,,,
SR22-00501956,Pothole in Street Complaint,PHF,CDOT - Department of Transportation,Open,03/28/2022 1:10:49 PM,03/28/2022 1:10:51 PM,,2471 W CULLOM AVE,,,60618,2471,W,CULLOM,AVE,TRUE,FALSE,,SR22-00501924,5,47,,J012,1,19,1911,21,,13,2,3,1158847.194,1928407.528,41.95929352,-87.69140594,"(41.959293519465064°, -87.69140593860695°)"
SR22-00501955,Alley Pothole Complaint,PHB,CDOT - Department of Transportation,Completed,03/28/2022 1:10:36 PM,03/28/2022 1:11:33 PM,03/28/2022 1:11:33 PM,6134 N MELVINA AVE,,,60646,6134,N,MELVINA,AVE,FALSE,FALSE,,,10,39,,A007,1,16,1611,20,,13,2,3,1133859.371,1940642.801,41.99334515,-87.78298408,"(41.99334515275302°, -87.78298407460603°)"
SR22-00501953,Garbage Cart Maintenance,SIE,Streets and Sanitation,Open,03/28/2022 1:10:13 PM,03/28/2022 1:10:14 PM,,2137 N MOODY AVE,,,60639,2137,N,MOODY,AVE,FALSE,FALSE,,,19,36,,A017,1,25,2512,5,,13,2,3,1135131.286,1913556.127,41.91899406,-87.77894996,"(41.91899405811869°, -87.7789499589548°)"
SR22-00501952,311 INFORMATION ONLY CALL,311IOC,311 City Services,Completed,03/28/2022 1:10:12 PM,03/28/2022 1:10:12 PM,03/28/2022 1:10:12 PM,2111 W Lexington ST,Chicago,Illinois,60612,2111,W,Lexington,ST,FALSE,FALSE,,,,,,,,,,,,13,2,3,,,,,
SR22-00501951,Consumer Fraud Complaint,CSF,BACP - Business Affairs and Consumer Protection,Open,03/28/2022 1:10:05 PM,03/28/2022 1:10:20 PM,,1631 W BERWYN AVE,,,60640,1631,W,BERWYN,AVE,FALSE,FALSE,,,77,40,,L009,1,20,2012,31,,13,2,3,1164366.659,1935187.666,41.97778324,-87.67092134,"(41.977783238781846°, -87.67092134437873°)"
SR22-00501950,311 INFORMATION ONLY CALL,311IOC,311 City Services,Completed,03/28/2022 1:10:00 PM,03/28/2022 1:10:00 PM,03/28/2022 1:10:00 PM,2111 W Lexington ST,Chicago,Illinois,60612,2111,W,Lexington,ST,FALSE,FALSE,,,,,,,,,,,,13,2,3,,,,,
SR22-00501949,Garbage Cart Maintenance,SIE,Streets and Sanitation,Open,03/28/2022 1:09:58 PM,03/28/2022 1:10:00 PM,,2256 W 50TH PL,,,60609,2256,W,50TH,PL,FALSE,FALSE,,,63,15,,K033,3,9,931,19,,13,2,3,1161930.642,1871210.539,41.80227602,-87.68166658,"(41.80227602236328°, -87.6816665794999°)"
SR22-00501948,Pothole in Street Complaint,PHF,CDOT - Department of Transportation,Open,03/28/2022 1:09:38 PM,03/28/2022 1:09:39 PM,,6616 N ROCKWELL ST,,,60645,6616,N,ROCKWELL,ST,FALSE,FALSE,,,2,50,,J006,1,24,2412,20,,13,2,3,1157757.167,1943916.124,42.00187218,-87.69498844,"(42.001872181290295°, -87.69498844036333°)"
SR22-00501947,Sidewalk Inspection Request,PBS,CDOT - Department of Transportation,Open,03/28/2022 1:09:34 PM,03/28/2022 1:09:36 PM,,10337 S EBERHART AVE,,,60628,10337,S,EBERHART,AVE,FALSE,FALSE,,,49,9,,R047,1,5,512,14,,13,2,3,1181477.435,1836380.415,41.70626937,-87.61105314,"(41.70626937086912°, -87.61105313918907°)"
SR22-00501936,Sign Repair Request - All Other Signs,PCE,CDOT - Department of Transportation,Completed,03/28/2022 1:09:15 PM,03/28/2022 1:10:25 PM,03/28/2022 1:10:25 PM,1402 W BERTEAU AVE,,,60613,1402,W,BERTEAU,AVE,FALSE,FALSE,,,6,47,,M012,1,19,1912,18,,13,2,3,1166063.061,1928027.174,41.95809842,-87.66488831,"(41.95809841606245°, -87.66488831318485°)"
SR22-00501934,Graffiti Removal Request,GRAF,Streets and Sanitation,Open,03/28/2022 1:09:12 PM,03/28/2022 1:09:13 PM,,5505 S HARPER AVE,,,60637,5505,S,HARPER,AVE,FALSE,FALSE,,,41,5,,T035,3,2,235,8,,13,2,3,1187478.608,1868773.639,41.79501926,-87.5880499,"(41.79501926278042°, -87.58804989929175°)"
SR22-00501933,Pothole in Street Complaint,PHF,CDOT - Department of Transportation,Open,03/28/2022 1:08:51 PM,03/28/2022 1:08:53 PM,,6541 N TALMAN AVE,,,60645,6541,N,TALMAN,AVE,FALSE,FALSE,,,2,50,,J006,1,24,2412,36,,13,2,3,1157549.091,1943486.378,42.0006972,-87.6957657,"(42.000697196737775°, -87.69576569966891°)"
SR22-00501932,Sign Repair Request - All Other Signs,PCE,CDOT - Department of Transportation,Completed,03/28/2022 1:08:48 PM,03/28/2022 1:11:04 PM,03/28/2022 1:11:04 PM,1700 W PETERSON AVE,,,60660,1700,W,PETERSON,AVE,FALSE,FALSE,,,77,40,,L007,3,24,2433,27,,13,2,3,1164087.643,1939949.463,41.99085568,-87.67181217,"(41.99085568398779°, -87.67181216825702°)"
SR22-00501930,311 INFORMATION ONLY CALL,311IOC,311 City Services,Completed,03/28/2022 1:08:44 PM,03/28/2022 1:08:44 PM,03/28/2022 1:08:44 PM,2111 W Lexington ST,Chicago,Illinois,60612,2111,W,Lexington,ST,FALSE,FALSE,,,,,,,,,,,,13,2,3,,,,,
SR22-00501929,Pothole in Street Complaint,PHF,CDOT - Department of Transportation,Open,03/28/2022 1:08:36 PM,03/28/2022 1:08:37 PM,,1610 N CLARK ST,,,60614,1610,N,CLARK,ST,FALSE,FALSE,,,7,2,,P018,1,18,1814,33,,13,2,3,1175144.466,1911153.192,41.9115964,-87.6320096,"(41.91159639953842°, -87.63200959551043°)"
SR22-00501928,Pothole in Street Complaint,PHF,CDOT - Department of Transportation,Open,03/28/2022 1:08:30 PM,03/28/2022 1:08:31 PM,,9600 S AVENUE N,,,60617,9600,S,AVENUE N,,FALSE,FALSE,,,52,10,,Y045,3,4,432,26,,13,2,3,1200986.829,1841976.839,41.72115518,-87.5394232,"(41.72115517894901°, -87.53942319899305°)"
SR22-00501927,Garbage Cart Maintenance,SIE,Streets and Sanitation,Open,03/28/2022 1:08:19 PM,03/28/2022 1:08:20 PM,,3243 W CORTEZ ST,,,60651,3243,W,CORTEZ,ST,FALSE,FALSE,,,23,26,,H020,2,11,1121,10,,13,2,3,1154348.308,1906740.2,41.89992795,-87.7085263,"(41.899927951677235°, -87.70852630226354°)"
SR22-00501926,Graffiti Removal Request,GRAF,Streets and Sanitation,Open,03/28/2022 1:08:18 PM,03/28/2022 1:08:19 PM,,3511 W ARMITAGE AVE,,,60647,3511,W,ARMITAGE,AVE,FALSE,FALSE,,,22,26,,H018,2,14,1422,37,,13,2,3,1152795.064,1912987.895,41.9171031,-87.71406575,"(41.917103101349895°, -87.71406575360137°)"
SR22-00501925,311 INFORMATION ONLY CALL,311IOC,311 City Services,Completed,03/28/2022 1:08:12 PM,03/28/2022 1:08:13 PM,03/28/2022 1:08:12 PM,2111 W Lexington ST,Chicago,Illinois,60612,2111,W,Lexington,ST,FALSE,FALSE,,,,,,,,,,,,13,2,3,,,,,
SR22-00501924,Pothole in Street Complaint,PHF,CDOT - Department of Transportation,Open,03/28/2022 1:08:03 PM,03/28/2022 1:10:49 PM,,2471 W CULLOM AVE,,,60618,2471,W,CULLOM,AVE,FALSE,FALSE,,,5,47,,J012,1,19,1911,21,,13,2,3,1158847.194,1928407.528,41.95929352,-87.69140594,"(41.959293519465064°, -87.69140593860695°)"
SR22-00501923,311 INFORMATION ONLY CALL,311IOC,311 City Services,Completed,03/28/2022 1:08:03 PM,03/28/2022 1:08:03 PM,03/28/2022 1:08:03 PM,2111 W Lexington ST,Chicago,Illinois,60612,2111,W,Lexington,ST,FALSE,FALSE,,,,,,,,,,,,13,2,3,,,,,
SR22-00501922,311 INFORMATION ONLY CALL,311IOC,311 City Services,Completed,03/28/2022 1:08:02 PM,03/28/2022 1:08:03 PM,03/28/2022 1:08:03 PM,2111 W Lexington ST,Chicago,Illinois,60612,2111,W,Lexington,ST,FALSE,FALSE,,,,,,,,,,,,13,2,3,,,,,
SR22-00501921,Pothole in Street Complaint,PHF,CDOT - Department of Transportation,Open,03/28/2022 1:07:57 PM,03/28/2022 1:07:58 PM,,6535 N TALMAN AVE,,,60645,6535,N,TALMAN,AVE,FALSE,FALSE,,,2,50,,J006,1,24,2412,36,,13,2,3,1157548.898,1943419.652,42.0005141,-87.69576824,"(42.00051410306953°, -87.69576823813911°)"
SR22-00501920,Pothole in Street Complaint,PHF,CDOT - Department of Transportation,Open,03/28/2022 1:07:48 PM,03/28/2022 1:07:50 PM,,1420 N STATE PKWY,,,60610,1420,N,STATE,PKWY,FALSE,FALSE,,,8,2,,P019,2,18,1824,31,,13,2,3,1175996.318,1910015.166,41.90845445,-87.62891453,"(41.90845444942246°, -87.62891452504633°)"
SR22-00501919,Alley Pothole Complaint,PHB,CDOT - Department of Transportation,Open,03/28/2022 1:07:43 PM,03/28/2022 1:14:05 PM,,2620 N WASHTENAW AVE,,,60647,2620,N,WASHTENAW,AVE,FALSE,FALSE,,,22,32,,J016,1,14,1411,43,,13,2,3,1157844.142,1917513.037,41.92941889,-87.69539168,"(41.929418887552295°, -87.69539168326669°)"
SR22-00501917,311 INFORMATION ONLY CALL,311IOC,311 City Services,Completed,03/28/2022 1:07:21 PM,03/28/2022 1:07:22 PM,03/28/2022 1:07:22 PM,2111 W Lexington ST,Chicago,Illinois,60612,2111,W,Lexington,ST,FALSE,FALSE,,,,,,,,,,,,13,2,3,,,,,
SR22-00501916,311 INFORMATION ONLY CALL,311IOC,311 City Services,Completed,03/28/2022 1:07:17 PM,03/28/2022 1:07:18 PM,03/28/2022 1:07:18 PM,2111 W Lexington ST,Chicago,Illinois,60612,2111,W,Lexington,ST,FALSE,FALSE,,,,,,,,,,,,13,2,3,,,,,
SR22-00501915,311 INFORMATION ONLY CALL,311IOC,311 City Services,Completed,03/28/2022 1:07:13 PM,03/28/2022 1:07:14 PM,03/28/2022 1:07:14 PM,2111 W Lexington ST,Chicago,Illinois,60612,2111,W,Lexington,ST,FALSE,FALSE,,,,,,,,,,,,13,2,3,,,,,
SR22-00501914,Business Complaints / Reopening Issue,RBL,BACP - Business Affairs and Consumer Protection,Open,03/28/2022 1:07:12 PM,03/28/2022 1:07:20 PM,,1000 N HALSTED ST,,,60642,1000,N,HALSTED,ST,FALSE,FALSE,,,8,27,,N020,2,18,1822,35,,13,2,3,1170764.375,1907118.076,41.90062096,-87.64821894,"(41.90062095909911°, -87.64821893974789°)"
SR22-00501913,Sign Repair Request - All Other Signs,PCE,CDOT - Department of Transportation,Completed,03/28/2022 1:07:12 PM,03/28/2022 1:08:20 PM,03/28/2022 1:08:20 PM,1403 W BERTEAU AVE,,,60613,1403,W,BERTEAU,AVE,FALSE,FALSE,,,6,47,,M012,1,19,1912,18,,13,2,3,1166064.583,1927967.193,41.95793379,-87.66488444,"(41.957933793928554°, -87.66488443996954°)"
SR22-00501912,Pothole in Street Complaint,PHF,CDOT - Department of Transportation,Open,03/28/2022 1:07:09 PM,03/28/2022 1:07:11 PM,,6528 N TALMAN AVE,,,60645,6528,N,TALMAN,AVE,FALSE,FALSE,,,2,50,,J006,1,24,2412,36,,13,2,3,1157388.861,1943350.269,42.00032698,-87.69635888,"(42.00032698035619°, -87.6963588795435°)"
SR22-00501911,Alley Pothole Complaint,PHB,CDOT - Department of Transportation,Open,03/28/2022 1:07:05 PM,03/28/2022 1:07:06 PM,,4446 N KEDZIE AVE,,,60625,4446,N,KEDZIE,AVE,FALSE,FALSE,,,14,33,,H011,2,17,1724,20,,13,2,3,1154215.444,1929578.656,41.96260112,-87.70840289,"(41.96260111833504°, -87.70840288589135°)"
SR22-00501910,Alley Light Out Complaint,SFA,CDOT - Department of Transportation,Open,03/28/2022 1:06:49 PM,03/28/2022 1:06:49 PM,,5142 S SACRAMENTO AVE,,,60632,5142,S,SACRAMENTO,AVE,TRUE,FALSE,,SR22-00458918,63,14,,I034,2,9,923,30,,13,2,3,1157221.162,1870225.427,41.79966942,-87.69896499,"(41.79966942289527°, -87.69896499282801°)"
SR22-00501909,Aircraft Noise Complaint,AVN,Aviation,Completed,03/28/2022 1:06:47 PM,03/28/2022 1:06:48 PM,03/28/2022 1:06:47 PM,10510 W ZEMKE RD,Chicago,IL,60666,10510,W,ZEMKE,RD,FALSE,FALSE,,,,,,,,,,,,13,2,3,,,,,
SR22-00501908,311 INFORMATION ONLY CALL,311IOC,311 City Services,Completed,03/28/2022 1:06:46 PM,03/28/2022 1:06:46 PM,03/28/2022 1:06:46 PM,2111 W Lexington ST,Chicago,Illinois,60612,2111,W,Lexington,ST,FALSE,FALSE,,,,,,,,,,,,13,2,3,,,,,
SR22-00501907,Graffiti Removal Request,GRAF,Streets and Sanitation,Open,03/28/2022 1:06:45 PM,03/28/2022 1:06:46 PM,,107 W MADISON ST,,,60602,107,W,MADISON,ST,FALSE,FALSE,,,32,42,,P023,2,1,122,9,,13,2,3,1175457.925,1900333.858,41.88190055,-87.63118335,"(41.881900547930876°, -87.6311833452523°)"
SR22-00501906,311 INFORMATION ONLY CALL,311IOC,311 City Services,Completed,03/28/2022 1:06:42 PM,03/28/2022 1:06:43 PM,03/28/2022 1:06:43 PM,2111 W Lexington ST,Chicago,Illinois,60612,2111,W,Lexington,ST,FALSE,FALSE,,,,,,,,,,,,13,2,3,,,,,
SR22-00501905,311 INFORMATION ONLY CALL,311IOC,311 City Services,Completed,03/28/2022 1:06:26 PM,03/28/2022 1:06:27 PM,03/28/2022 1:06:27 PM,2111 W Lexington ST,Chicago,Illinois,60612,2111,W,Lexington,ST,FALSE,FALSE,,,,,,,,,,,,13,2,3,,,,,
SR22-00501904,Alley Pothole Complaint,PHB,CDOT - Department of Transportation,Open,03/28/2022 1:06:18 PM,03/28/2022 1:06:21 PM,,4728 W BERTEAU AVE,,,60641,4728,W,BERTEAU,AVE,FALSE,FALSE,,,15,45,,E012,2,17,1722,12,,13,2,3,1143753.018,1927307.885,41.95657288,-87.74692672,"(41.95657287495339°, -87.746926716756°)"
SR22-00501902,Pothole in Street Complaint,PHF,CDOT - Department of Transportation,Open,03/28/2022 1:05:59 PM,03/28/2022 1:06:01 PM,,6522 N TALMAN AVE,,,60645,6522,N,TALMAN,AVE,FALSE,FALSE,,,2,50,,J006,1,24,2412,36,,13,2,3,1157395.791,1943284.414,42.00014613,-87.69633519,"(42.00014613164137°, -87.69633518784339°)"
SR22-00501901,Aircraft Noise Complaint,AVN,Aviation,Completed,03/28/2022 1:05:53 PM,03/28/2022 1:05:54 PM,03/28/2022 1:05:53 PM,10510 W ZEMKE RD,Chicago,IL,60666,10510,W,ZEMKE,RD,FALSE,FALSE,,,,,,,,,,,,13,2,3,,,,,
SR22-00501900,311 INFORMATION ONLY CALL,311IOC,311 City Services,Completed,03/28/2022 1:05:49 PM,03/28/2022 1:05:50 PM,03/28/2022 1:05:50 PM,2111 W Lexington ST,Chicago,Illinois,60612,2111,W,Lexington,ST,FALSE,FALSE,,,,,,,,,,,,13,2,3,,,,,
SR22-00501899,311 INFORMATION ONLY CALL,311IOC,311 City Services,Completed,03/28/2022 1:05:43 PM,03/28/2022 1:05:44 PM,03/28/2022 1:05:44 PM,2111 W Lexington ST,Chicago,Illinois,60612,2111,W,Lexington,ST,FALSE,FALSE,,,,,,,,,,,,13,2,3,,,,,
SR22-00501898,Tree Trim Request,SEF,Streets and Sanitation,Open,03/28/2022 1:05:14 PM,03/28/2022 1:05:16 PM,,5322 W JACKSON BLVD,,,60644,5322,W,JACKSON,BLVD,FALSE,FALSE,,,25,29,,C023,2,15,1522,28,,13,2,3,1140789.494,1898216.363,41.87679766,-87.75853836,"(41.87679766105902°, -87.758538361913°)"
SR22-00501897,311 INFORMATION ONLY CALL,311IOC,311 City Services,Completed,03/28/2022 1:05:14 PM,03/28/2022 1:05:14 PM,03/28/2022 1:05:14 PM,2111 W Lexington ST,Chicago,Illinois,60612,2111,W,Lexington,ST,FALSE,FALSE,,,,,,,,,,,,13,2,3,,,,,
SR22-00501896,Pothole in Street Complaint,PHF,CDOT - Department of Transportation,Open,03/28/2022 1:05:11 PM,03/28/2022 1:05:12 PM,,2477 W CULLOM AVE,,,60618,2477,W,CULLOM,AVE,FALSE,FALSE,,,5,47,,J012,1,19,1911,21,,13,2,3,1158836.6,1928445.525,41.959398,-87.69144384,"(41.95939800223971°, -87.69144383920093°)"
SR22-00501895,Fly Dumping Complaint,SDR,Streets and Sanitation,Open,03/28/2022 1:05:05 PM,03/28/2022 1:05:07 PM,,1403 W 62ND ST,,,60636,1403,W,62ND,ST,FALSE,FALSE,,,67,16,,M036,1,7,713,34,,13,2,3,1167990.758,1863546.041,41.7811155,-87.65966183,"(41.78111550239762°, -87.6596618336836°)"
SR22-00501894,Aircraft Noise Complaint,AVN,Aviation,Completed,03/28/2022 1:05:03 PM,03/28/2022 1:05:04 PM,03/28/2022 1:05:03 PM,10510 W ZEMKE RD,Chicago,IL,60666,10510,W,ZEMKE,RD,FALSE,FALSE,,,,,,,,,,,,13,2,3,,,,,
SR22-00501892,311 INFORMATION ONLY CALL,311IOC,311 City Services,Completed,03/28/2022 1:05:00 PM,03/28/2022 1:05:00 PM,03/28/2022 1:05:00 PM,2111 W Lexington ST,Chicago,Illinois,60612,2111,W,Lexington,ST,FALSE,FALSE,,,,,,,,,,,,13,2,3,,,,,
SR22-00501891,311 INFORMATION ONLY CALL,311IOC,311 City Services,Completed,03/28/2022 1:04:58 PM,03/28/2022 1:04:58 PM,03/28/2022 1:04:58 PM,2111 W Lexington ST,Chicago,Illinois,60612,2111,W,Lexington,ST,FALSE,FALSE,,,,,,,,,,,,13,2,3,,,,,
SR22-00501890,311 INFORMATION ONLY CALL,311IOC,311 City Services,Completed,03/28/2022 1:04:56 PM,03/28/2022 1:04:56 PM,03/28/2022 1:04:56 PM,2111 W Lexington ST,Chicago,Illinois,60612,2111,W,Lexington,ST,FALSE,FALSE,,,,,,,,,,,,13,2,3,,,,,
SR22-00501889,Pothole in Street Complaint,PHF,CDOT - Department of Transportation,Open,03/28/2022 1:04:55 PM,03/28/2022 1:04:56 PM,,6515 N TALMAN AVE,,,60645,6515,N,TALMAN,AVE,FALSE,FALSE,,,2,50,,J006,1,24,2412,36,,13,2,3,1157552.064,1943223.967,41.99997707,-87.69576195,"(41.99997706955622°, -87.69576194825127°)"
SR22-00501888,311 INFORMATION ONLY CALL,311IOC,311 City Services,Completed,03/28/2022 1:04:54 PM,03/28/2022 1:04:54 PM,03/28/2022 1:04:54 PM,2111 W Lexington ST,Chicago,Illinois,60612,2111,W,Lexington,ST,FALSE,FALSE,,,,,,,,,,,,13,2,3,,,,,
SR22-00501887,Sign Repair Request - All Other Signs,PCE,CDOT - Department of Transportation,Completed,03/28/2022 1:04:44 PM,03/28/2022 1:05:49 PM,03/28/2022 1:05:49 PM,71 E 51ST ST,,,60615,71,E,51ST,ST,FALSE,FALSE,,,40,3,,Q034,2,2,225,16,,13,2,3,1177911.601,1871207.367,41.80191989,-87.62305807,"(41.80191988592685°, -87.6230580665626°)"
SR22-00501886,Rodent Baiting/Rat Complaint,SGA,Streets and Sanitation,Open,03/28/2022 1:04:37 PM,03/28/2022 1:04:39 PM,,826 E 44TH ST,,,60653,826,E,44TH,ST,FALSE,FALSE,,,39,4,,S032,2,2,221,29,,13,2,3,1182657.193,1876088.774,41.81520593,-87.60550267,"(41.81520592468883°, -87.60550266953445°)"